studentId,academicYear,date,behaviorLogId,suggestion,followUpRequired
1002,2019/20,2020-07-05,1,Conduct a meeting to reinforce school rules.,Yes
1003,2019/20,2020-03-30,2,Schedule a counselor session for conflict resolution.,Yes
1003,2019/20,2020-01-02,3,Conduct a meeting to reinforce school rules.,Yes
1004,2019/20,2019-12-12,4,Encourage participation through interactive activities.,No
1004,2019/20,2019-10-22,5,Implement a classroom behavior management plan.,Yes
1004,2019/20,2019-09-30,6,Conduct a meeting to reinforce school rules.,Yes
1005,2019/20,2019-10-23,8,Work with parents to address attendance concerns.,Yes
1007,2019/20,2020-07-12,9,Schedule a counselor session for conflict resolution.,Yes
1007,2019/20,2020-03-20,10,Conduct a meeting to reinforce school rules.,Yes
1008,2019/20,2020-01-26,12,Work with parents to address attendance concerns.,Yes
1009,2019/20,2019-12-11,13,Work with parents to address attendance concerns.,No
1009,2019/20,2020-05-30,14,Implement a classroom behavior management plan.,Yes
1010,2019/20,2019-12-06,16,Work with parents to address attendance concerns.,No
1010,2019/20,2020-04-28,17,Conduct a meeting to reinforce school rules.,No
1010,2019/20,2019-12-27,18,Schedule a counselor session for conflict resolution.,Yes
1011,2019/20,2019-12-11,19,Encourage participation through interactive activities.,Yes
1011,2019/20,2020-05-10,20,Schedule a counselor session for conflict resolution.,No
1012,2019/20,2020-02-15,21,Conduct a meeting to reinforce school rules.,No
1012,2019/20,2019-11-24,22,Work with parents to address attendance concerns.,No
1013,2019/20,2020-06-16,24,Work with parents to address attendance concerns.,Yes
1013,2019/20,2020-07-15,25,Implement a classroom behavior management plan.,No
1014,2019/20,2020-01-31,27,Schedule a counselor session for conflict resolution.,Yes
1015,2019/20,2019-11-05,28,Work with parents to address attendance concerns.,Yes
1015,2019/20,2019-10-01,29,Conduct a meeting to reinforce school rules.,No
1016,2019/20,2019-11-01,31,Schedule a counselor session for conflict resolution.,Yes
1017,2019/20,2020-03-02,33,Work with parents to address attendance concerns.,Yes
1017,2019/20,2020-06-22,34,Schedule a counselor session for conflict resolution.,Yes
1018,2019/20,2019-12-18,35,Implement a classroom behavior management plan.,Yes
1018,2019/20,2019-10-01,36,Work with parents to address attendance concerns.,Yes
1018,2019/20,2020-04-22,37,Encourage participation through interactive activities.,No
1019,2019/20,2020-07-17,38,Work with parents to address attendance concerns.,Yes
1019,2019/20,2020-07-08,39,Schedule a counselor session for conflict resolution.,No
1020,2019/20,2020-04-14,40,Work with parents to address attendance concerns.,Yes
1020,2019/20,2019-11-05,41,Conduct a meeting to reinforce school rules.,Yes
1021,2019/20,2020-01-17,43,Implement a classroom behavior management plan.,No
1022,2019/20,2020-04-13,45,Implement a classroom behavior management plan.,Yes
1022,2019/20,2020-07-02,46,Conduct a meeting to reinforce school rules.,Yes
1026,2019/20,2020-03-03,48,Conduct a meeting to reinforce school rules.,Yes
1026,2019/20,2020-05-30,49,Conduct a meeting to reinforce school rules.,Yes
1027,2019/20,2019-10-22,50,Encourage participation through interactive activities.,No
1027,2019/20,2020-01-16,51,Implement a classroom behavior management plan.,Yes
1027,2019/20,2020-01-24,52,Conduct a meeting to reinforce school rules.,Yes
1028,2019/20,2019-11-08,53,Work with parents to address attendance concerns.,No
1028,2019/20,2019-11-10,54,Encourage participation through interactive activities.,Yes
1029,2019/20,2020-03-14,55,Implement a classroom behavior management plan.,Yes
1030,2019/20,2020-05-24,56,Schedule a counselor session for conflict resolution.,No
1030,2019/20,2020-02-06,57,Implement a classroom behavior management plan.,Yes
1031,2019/20,2020-05-24,58,Implement a classroom behavior management plan.,No
1031,2019/20,2019-11-17,59,Encourage participation through interactive activities.,No
1032,2019/20,2020-01-08,60,Work with parents to address attendance concerns.,Yes
1032,2019/20,2020-07-30,61,Conduct a meeting to reinforce school rules.,Yes
1033,2019/20,2019-12-08,62,Implement a classroom behavior management plan.,Yes
1033,2019/20,2020-03-28,63,Schedule a counselor session for conflict resolution.,Yes
1034,2019/20,2020-01-19,64,Conduct a meeting to reinforce school rules.,No
1036,2019/20,2020-02-06,65,Conduct a meeting to reinforce school rules.,Yes
1036,2019/20,2019-10-23,66,Conduct a meeting to reinforce school rules.,Yes
1039,2019/20,2019-10-14,67,Implement a classroom behavior management plan.,Yes
1039,2019/20,2020-06-26,68,Work with parents to address attendance concerns.,Yes
1039,2019/20,2020-07-14,69,Encourage participation through interactive activities.,Yes
1042,2019/20,2019-11-11,70,Schedule a counselor session for conflict resolution.,Yes
1043,2019/20,2019-10-08,71,Encourage participation through interactive activities.,No
1044,2019/20,2019-12-27,72,Encourage participation through interactive activities.,Yes
1045,2019/20,2019-09-14,75,Work with parents to address attendance concerns.,No
1045,2019/20,2019-10-29,76,Implement a classroom behavior management plan.,No
1047,2019/20,2019-11-16,77,Encourage participation through interactive activities.,No
1047,2019/20,2020-04-28,78,Encourage participation through interactive activities.,No
1047,2019/20,2019-12-11,79,Conduct a meeting to reinforce school rules.,Yes
1049,2019/20,2020-01-01,80,Encourage participation through interactive activities.,Yes
1049,2019/20,2019-10-10,81,Implement a classroom behavior management plan.,Yes
1049,2019/20,2019-09-23,82,Encourage participation through interactive activities.,Yes
1050,2019/20,2020-01-28,83,Work with parents to address attendance concerns.,No
1050,2019/20,2019-10-08,84,Work with parents to address attendance concerns.,Yes
1050,2019/20,2019-09-02,85,Conduct a meeting to reinforce school rules.,Yes
1051,2019/20,2020-07-19,87,Encourage participation through interactive activities.,Yes
1052,2019/20,2020-01-25,88,Work with parents to address attendance concerns.,Yes
1053,2019/20,2020-06-12,89,Work with parents to address attendance concerns.,Yes
1054,2019/20,2020-06-22,92,Encourage participation through interactive activities.,No
1057,2019/20,2020-02-24,93,Encourage participation through interactive activities.,No
1057,2019/20,2020-05-07,94,Work with parents to address attendance concerns.,Yes
1058,2019/20,2019-09-06,96,Conduct a meeting to reinforce school rules.,Yes
1058,2019/20,2020-03-14,97,Work with parents to address attendance concerns.,No
1059,2019/20,2020-02-22,98,Implement a classroom behavior management plan.,No
1060,2019/20,2019-11-07,99,Implement a classroom behavior management plan.,Yes
1060,2019/20,2019-09-07,100,Conduct a meeting to reinforce school rules.,No
1061,2019/20,2020-05-11,101,Schedule a counselor session for conflict resolution.,Yes
1061,2019/20,2020-06-04,102,Conduct a meeting to reinforce school rules.,No
1061,2019/20,2020-05-29,103,Work with parents to address attendance concerns.,Yes
1062,2019/20,2020-07-26,104,Conduct a meeting to reinforce school rules.,Yes
1063,2019/20,2020-05-07,106,Schedule a counselor session for conflict resolution.,Yes
1063,2019/20,2020-03-07,107,Encourage participation through interactive activities.,Yes
1066,2019/20,2020-02-03,108,Encourage participation through interactive activities.,No
1068,2019/20,2019-09-03,109,Encourage participation through interactive activities.,Yes
1069,2019/20,2020-03-17,111,Implement a classroom behavior management plan.,No
1069,2019/20,2019-12-15,112,Implement a classroom behavior management plan.,Yes
1069,2019/20,2019-11-17,113,Implement a classroom behavior management plan.,Yes
1070,2019/20,2020-02-23,114,Implement a classroom behavior management plan.,Yes
1071,2019/20,2020-01-14,116,Conduct a meeting to reinforce school rules.,Yes
1071,2019/20,2020-02-24,117,Conduct a meeting to reinforce school rules.,No
1072,2019/20,2019-12-18,118,Schedule a counselor session for conflict resolution.,Yes
1073,2019/20,2020-02-28,119,Schedule a counselor session for conflict resolution.,Yes
1073,2019/20,2020-04-08,120,Work with parents to address attendance concerns.,Yes
1073,2019/20,2020-06-17,121,Schedule a counselor session for conflict resolution.,No
1074,2019/20,2019-09-29,122,Schedule a counselor session for conflict resolution.,Yes
1076,2019/20,2019-11-24,123,Schedule a counselor session for conflict resolution.,No
1077,2019/20,2020-05-13,124,Work with parents to address attendance concerns.,Yes
1077,2019/20,2020-07-20,126,Conduct a meeting to reinforce school rules.,Yes
1078,2019/20,2020-06-14,127,Implement a classroom behavior management plan.,Yes
1080,2019/20,2020-03-10,128,Implement a classroom behavior management plan.,No
1080,2019/20,2020-05-06,129,Schedule a counselor session for conflict resolution.,Yes
1081,2019/20,2019-10-08,130,Implement a classroom behavior management plan.,Yes
1081,2019/20,2020-01-10,131,Conduct a meeting to reinforce school rules.,Yes
1081,2019/20,2019-12-09,132,Conduct a meeting to reinforce school rules.,Yes
1082,2019/20,2019-10-20,133,Implement a classroom behavior management plan.,Yes
1082,2019/20,2020-01-19,134,Implement a classroom behavior management plan.,Yes
1083,2019/20,2020-02-03,135,Schedule a counselor session for conflict resolution.,Yes
1083,2019/20,2020-01-22,136,Encourage participation through interactive activities.,Yes
1083,2019/20,2020-05-19,137,Conduct a meeting to reinforce school rules.,Yes
1084,2019/20,2020-01-27,138,Conduct a meeting to reinforce school rules.,Yes
1086,2019/20,2019-09-07,139,Encourage participation through interactive activities.,Yes
1086,2019/20,2020-01-16,140,Implement a classroom behavior management plan.,Yes
1086,2019/20,2020-04-18,141,Schedule a counselor session for conflict resolution.,Yes
1087,2019/20,2020-04-19,142,Work with parents to address attendance concerns.,Yes
1088,2019/20,2020-02-29,144,Encourage participation through interactive activities.,Yes
1088,2019/20,2019-12-12,145,Implement a classroom behavior management plan.,No
1090,2019/20,2020-05-11,147,Implement a classroom behavior management plan.,No
1091,2019/20,2020-04-01,148,Schedule a counselor session for conflict resolution.,Yes
1091,2019/20,2020-02-01,149,Conduct a meeting to reinforce school rules.,Yes
1093,2019/20,2019-11-03,150,Encourage participation through interactive activities.,Yes
1094,2019/20,2020-01-05,152,Conduct a meeting to reinforce school rules.,Yes
1094,2019/20,2020-06-18,154,Encourage participation through interactive activities.,Yes
1096,2019/20,2020-05-27,156,Schedule a counselor session for conflict resolution.,Yes
1096,2019/20,2020-01-31,157,Work with parents to address attendance concerns.,Yes
1096,2019/20,2020-06-10,158,Encourage participation through interactive activities.,Yes
1099,2019/20,2020-01-02,159,Schedule a counselor session for conflict resolution.,No
1099,2019/20,2019-11-13,160,Encourage participation through interactive activities.,Yes
1100,2019/20,2019-11-20,162,Encourage participation through interactive activities.,Yes
1101,2019/20,2020-05-22,164,Work with parents to address attendance concerns.,No
1101,2019/20,2020-07-25,165,Work with parents to address attendance concerns.,Yes
1103,2019/20,2020-04-10,166,Schedule a counselor session for conflict resolution.,Yes
1103,2019/20,2020-07-24,167,Conduct a meeting to reinforce school rules.,Yes
1103,2019/20,2020-02-04,168,Work with parents to address attendance concerns.,Yes
1104,2019/20,2020-05-09,169,Work with parents to address attendance concerns.,Yes
1104,2019/20,2019-11-04,170,Schedule a counselor session for conflict resolution.,Yes
1104,2019/20,2019-12-27,171,Conduct a meeting to reinforce school rules.,No
1105,2019/20,2019-09-04,172,Work with parents to address attendance concerns.,Yes
1105,2019/20,2019-12-11,173,Work with parents to address attendance concerns.,Yes
1106,2019/20,2020-05-28,174,Schedule a counselor session for conflict resolution.,Yes
1108,2019/20,2020-05-26,175,Work with parents to address attendance concerns.,Yes
1108,2019/20,2019-09-26,176,Implement a classroom behavior management plan.,No
1109,2019/20,2019-11-22,177,Implement a classroom behavior management plan.,Yes
1110,2019/20,2019-09-25,178,Conduct a meeting to reinforce school rules.,Yes
1112,2019/20,2020-04-30,179,Encourage participation through interactive activities.,Yes
1112,2019/20,2020-06-11,180,Encourage participation through interactive activities.,Yes
1113,2019/20,2019-11-13,182,Conduct a meeting to reinforce school rules.,Yes
1114,2019/20,2020-05-12,183,Encourage participation through interactive activities.,No
1114,2019/20,2020-07-06,184,Implement a classroom behavior management plan.,Yes
1115,2019/20,2020-07-26,185,Schedule a counselor session for conflict resolution.,No
1116,2019/20,2019-11-02,186,Work with parents to address attendance concerns.,No
1116,2019/20,2020-04-25,187,Conduct a meeting to reinforce school rules.,No
1117,2019/20,2019-12-16,188,Schedule a counselor session for conflict resolution.,Yes
1117,2019/20,2020-02-01,190,Conduct a meeting to reinforce school rules.,Yes
1118,2019/20,2020-06-06,191,Implement a classroom behavior management plan.,Yes
1119,2019/20,2020-03-14,192,Conduct a meeting to reinforce school rules.,Yes
1119,2019/20,2020-01-16,193,Conduct a meeting to reinforce school rules.,Yes
1120,2019/20,2019-12-17,195,Implement a classroom behavior management plan.,No
1120,2019/20,2020-03-12,196,Encourage participation through interactive activities.,Yes
1121,2019/20,2020-06-13,197,Encourage participation through interactive activities.,Yes
1121,2019/20,2020-06-04,198,Implement a classroom behavior management plan.,Yes
1122,2019/20,2020-05-14,199,Implement a classroom behavior management plan.,Yes
1123,2019/20,2019-09-19,201,Encourage participation through interactive activities.,Yes
1125,2019/20,2020-02-05,202,Conduct a meeting to reinforce school rules.,No
1125,2019/20,2020-07-07,203,Encourage participation through interactive activities.,No
1126,2019/20,2020-04-03,204,Conduct a meeting to reinforce school rules.,No
1132,2019/20,2020-01-13,206,Conduct a meeting to reinforce school rules.,Yes
1132,2019/20,2020-02-17,207,Implement a classroom behavior management plan.,No
1133,2019/20,2020-03-16,208,Conduct a meeting to reinforce school rules.,Yes
1133,2019/20,2019-10-31,209,Encourage participation through interactive activities.,Yes
1133,2019/20,2020-03-30,210,Conduct a meeting to reinforce school rules.,Yes
1134,2019/20,2020-04-30,211,Schedule a counselor session for conflict resolution.,No
1134,2019/20,2020-07-03,212,Work with parents to address attendance concerns.,Yes
1135,2019/20,2019-10-26,213,Work with parents to address attendance concerns.,Yes
1135,2019/20,2020-03-21,214,Conduct a meeting to reinforce school rules.,Yes
1135,2019/20,2020-04-05,215,Encourage participation through interactive activities.,No
1136,2019/20,2020-02-14,216,Implement a classroom behavior management plan.,Yes
1136,2019/20,2020-03-01,218,Work with parents to address attendance concerns.,Yes
1137,2019/20,2019-09-20,219,Implement a classroom behavior management plan.,No
1138,2019/20,2020-02-11,220,Work with parents to address attendance concerns.,Yes
1139,2019/20,2020-06-04,222,Implement a classroom behavior management plan.,No
1140,2019/20,2020-07-23,224,Schedule a counselor session for conflict resolution.,Yes
1140,2019/20,2020-04-21,225,Schedule a counselor session for conflict resolution.,No
1141,2019/20,2019-09-05,226,Schedule a counselor session for conflict resolution.,Yes
1142,2019/20,2020-05-14,228,Schedule a counselor session for conflict resolution.,Yes
1142,2019/20,2019-11-24,229,Conduct a meeting to reinforce school rules.,No
1143,2019/20,2019-09-19,230,Schedule a counselor session for conflict resolution.,Yes
1143,2019/20,2020-05-29,231,Encourage participation through interactive activities.,Yes
1143,2019/20,2020-02-19,232,Schedule a counselor session for conflict resolution.,No
1145,2019/20,2020-07-01,233,Implement a classroom behavior management plan.,Yes
1145,2019/20,2020-07-11,234,Schedule a counselor session for conflict resolution.,No
1146,2019/20,2020-02-18,235,Schedule a counselor session for conflict resolution.,Yes
1147,2019/20,2020-07-30,236,Work with parents to address attendance concerns.,No
1147,2019/20,2020-05-02,237,Schedule a counselor session for conflict resolution.,Yes
1150,2019/20,2020-03-11,239,Work with parents to address attendance concerns.,Yes
1150,2019/20,2019-10-02,241,Work with parents to address attendance concerns.,Yes
1151,2019/20,2020-03-23,242,Conduct a meeting to reinforce school rules.,Yes
1151,2019/20,2019-09-15,243,Encourage participation through interactive activities.,Yes
1151,2019/20,2020-01-04,244,Conduct a meeting to reinforce school rules.,Yes
1152,2019/20,2020-01-13,246,Encourage participation through interactive activities.,Yes
1153,2019/20,2019-12-10,247,Schedule a counselor session for conflict resolution.,No
1154,2019/20,2019-09-13,248,Encourage participation through interactive activities.,Yes
1156,2019/20,2020-01-01,250,Conduct a meeting to reinforce school rules.,Yes
1156,2019/20,2020-03-06,251,Conduct a meeting to reinforce school rules.,Yes
1157,2019/20,2020-06-12,252,Implement a classroom behavior management plan.,Yes
1157,2019/20,2020-07-09,253,Encourage participation through interactive activities.,Yes
1159,2019/20,2020-04-01,254,Conduct a meeting to reinforce school rules.,Yes
1159,2019/20,2019-09-07,255,Encourage participation through interactive activities.,No
1160,2019/20,2020-03-01,256,Work with parents to address attendance concerns.,Yes
1160,2019/20,2020-04-28,257,Work with parents to address attendance concerns.,No
1161,2019/20,2020-07-08,260,Schedule a counselor session for conflict resolution.,Yes
1162,2019/20,2020-01-20,261,Work with parents to address attendance concerns.,Yes
1162,2019/20,2019-09-14,262,Conduct a meeting to reinforce school rules.,Yes
1163,2019/20,2020-02-19,263,Encourage participation through interactive activities.,Yes
1163,2019/20,2019-12-30,264,Implement a classroom behavior management plan.,Yes
1165,2019/20,2020-05-23,265,Conduct a meeting to reinforce school rules.,No
1166,2019/20,2019-09-23,266,Encourage participation through interactive activities.,No
1166,2019/20,2020-07-18,267,Conduct a meeting to reinforce school rules.,Yes
1167,2019/20,2020-05-05,269,Implement a classroom behavior management plan.,Yes
1167,2019/20,2020-07-19,270,Encourage participation through interactive activities.,Yes
1168,2019/20,2019-11-16,271,Schedule a counselor session for conflict resolution.,Yes
1168,2019/20,2019-12-11,272,Conduct a meeting to reinforce school rules.,Yes
1168,2019/20,2019-12-08,273,Implement a classroom behavior management plan.,Yes
1169,2019/20,2020-05-18,274,Conduct a meeting to reinforce school rules.,No
1169,2019/20,2020-01-29,275,Conduct a meeting to reinforce school rules.,Yes
1170,2019/20,2019-10-31,276,Schedule a counselor session for conflict resolution.,Yes
1171,2019/20,2019-09-16,277,Conduct a meeting to reinforce school rules.,Yes
1173,2019/20,2020-05-24,278,Conduct a meeting to reinforce school rules.,Yes
1173,2019/20,2019-09-02,279,Encourage participation through interactive activities.,Yes
1174,2019/20,2020-06-20,280,Schedule a counselor session for conflict resolution.,Yes
1174,2019/20,2020-01-21,281,Work with parents to address attendance concerns.,No
1174,2019/20,2019-11-07,282,Encourage participation through interactive activities.,No
1175,2019/20,2020-01-30,283,Conduct a meeting to reinforce school rules.,Yes
1175,2019/20,2019-12-20,284,Conduct a meeting to reinforce school rules.,Yes
1176,2019/20,2020-07-22,285,Work with parents to address attendance concerns.,No
1178,2019/20,2019-11-17,287,Schedule a counselor session for conflict resolution.,No
1179,2019/20,2019-09-16,290,Encourage participation through interactive activities.,No
1181,2019/20,2020-07-09,292,Implement a classroom behavior management plan.,Yes
1181,2019/20,2020-04-08,293,Encourage participation through interactive activities.,Yes
1182,2019/20,2019-12-30,294,Schedule a counselor session for conflict resolution.,Yes
1182,2019/20,2020-05-16,295,Schedule a counselor session for conflict resolution.,No
1182,2019/20,2020-02-13,296,Encourage participation through interactive activities.,Yes
1183,2019/20,2019-10-06,297,Implement a classroom behavior management plan.,No
1183,2019/20,2019-11-20,298,Implement a classroom behavior management plan.,No
1183,2019/20,2020-04-11,299,Schedule a counselor session for conflict resolution.,No
1184,2019/20,2020-04-30,300,Implement a classroom behavior management plan.,Yes
1184,2019/20,2020-07-04,301,Conduct a meeting to reinforce school rules.,Yes
1187,2019/20,2019-09-19,302,Schedule a counselor session for conflict resolution.,Yes
1187,2019/20,2019-12-16,303,Implement a classroom behavior management plan.,Yes
1187,2019/20,2020-04-29,304,Conduct a meeting to reinforce school rules.,Yes
1193,2019/20,2020-01-17,307,Implement a classroom behavior management plan.,No
1194,2019/20,2020-05-17,310,Implement a classroom behavior management plan.,Yes
1194,2019/20,2020-04-22,311,Conduct a meeting to reinforce school rules.,Yes
1194,2019/20,2020-06-16,312,Work with parents to address attendance concerns.,No
1196,2019/20,2019-09-30,314,Encourage participation through interactive activities.,Yes
1197,2019/20,2020-05-29,315,Encourage participation through interactive activities.,Yes
1197,2019/20,2019-09-07,316,Implement a classroom behavior management plan.,Yes
1197,2019/20,2020-01-15,317,Work with parents to address attendance concerns.,No
1199,2019/20,2019-12-13,318,Schedule a counselor session for conflict resolution.,No
1199,2019/20,2020-02-10,319,Schedule a counselor session for conflict resolution.,No
1199,2019/20,2019-10-25,320,Implement a classroom behavior management plan.,Yes
1203,2019/20,2020-06-27,322,Conduct a meeting to reinforce school rules.,Yes
1203,2019/20,2019-12-23,323,Encourage participation through interactive activities.,Yes
1204,2019/20,2020-07-07,324,Encourage participation through interactive activities.,No
1204,2019/20,2019-09-12,325,Implement a classroom behavior management plan.,No
1206,2019/20,2020-01-13,326,Encourage participation through interactive activities.,No
1207,2019/20,2019-12-17,327,Work with parents to address attendance concerns.,Yes
1207,2019/20,2020-02-13,328,Encourage participation through interactive activities.,Yes
1210,2019/20,2020-05-30,329,Schedule a counselor session for conflict resolution.,Yes
1210,2019/20,2019-12-20,330,Encourage participation through interactive activities.,Yes
1212,2019/20,2020-07-14,332,Work with parents to address attendance concerns.,Yes
1212,2019/20,2020-02-13,333,Encourage participation through interactive activities.,No
1212,2019/20,2020-03-18,334,Conduct a meeting to reinforce school rules.,No
1213,2019/20,2020-05-14,335,Conduct a meeting to reinforce school rules.,Yes
1214,2019/20,2020-03-07,336,Conduct a meeting to reinforce school rules.,Yes
1214,2019/20,2020-03-03,337,Implement a classroom behavior management plan.,Yes
1215,2019/20,2019-09-09,338,Schedule a counselor session for conflict resolution.,No
1215,2019/20,2019-12-26,339,Implement a classroom behavior management plan.,Yes
1215,2019/20,2019-11-14,340,Work with parents to address attendance concerns.,No
1216,2019/20,2019-09-01,341,Implement a classroom behavior management plan.,Yes
1217,2019/20,2019-12-24,342,Implement a classroom behavior management plan.,Yes
1217,2019/20,2020-07-31,343,Implement a classroom behavior management plan.,Yes
1217,2019/20,2019-09-02,344,Implement a classroom behavior management plan.,Yes
1218,2019/20,2019-12-24,345,Conduct a meeting to reinforce school rules.,Yes
1218,2019/20,2020-05-28,346,Work with parents to address attendance concerns.,Yes
1219,2019/20,2020-05-10,347,Conduct a meeting to reinforce school rules.,No
1220,2019/20,2020-05-30,349,Conduct a meeting to reinforce school rules.,Yes
1220,2019/20,2020-06-13,350,Conduct a meeting to reinforce school rules.,Yes
1221,2019/20,2019-11-15,351,Encourage participation through interactive activities.,Yes
1221,2019/20,2019-09-26,352,Conduct a meeting to reinforce school rules.,Yes
1223,2019/20,2019-12-19,354,Encourage participation through interactive activities.,No
1223,2019/20,2020-01-11,355,Conduct a meeting to reinforce school rules.,No
1224,2019/20,2020-06-10,356,Schedule a counselor session for conflict resolution.,Yes
1224,2019/20,2020-03-29,357,Encourage participation through interactive activities.,Yes
1224,2019/20,2020-05-31,358,Work with parents to address attendance concerns.,Yes
1225,2019/20,2020-02-28,359,Schedule a counselor session for conflict resolution.,No
1225,2019/20,2019-09-30,360,Work with parents to address attendance concerns.,No
1225,2019/20,2019-09-06,361,Implement a classroom behavior management plan.,Yes
1226,2019/20,2019-11-13,362,Work with parents to address attendance concerns.,Yes
1227,2019/20,2020-06-03,363,Encourage participation through interactive activities.,Yes
1227,2019/20,2019-12-06,364,Schedule a counselor session for conflict resolution.,No
1228,2019/20,2019-12-13,365,Conduct a meeting to reinforce school rules.,Yes
1228,2019/20,2019-09-25,366,Encourage participation through interactive activities.,No
1229,2019/20,2019-12-12,367,Schedule a counselor session for conflict resolution.,No
1229,2019/20,2019-09-10,368,Conduct a meeting to reinforce school rules.,Yes
1229,2019/20,2019-11-30,369,Encourage participation through interactive activities.,Yes
1230,2019/20,2020-03-09,370,Work with parents to address attendance concerns.,Yes
1230,2019/20,2020-06-16,371,Work with parents to address attendance concerns.,No
1230,2019/20,2020-07-26,372,Encourage participation through interactive activities.,No
1231,2019/20,2020-06-16,374,Encourage participation through interactive activities.,Yes
1231,2019/20,2020-05-12,375,Schedule a counselor session for conflict resolution.,Yes
1233,2019/20,2020-04-08,376,Encourage participation through interactive activities.,Yes
1233,2019/20,2020-06-23,377,Encourage participation through interactive activities.,Yes
1234,2019/20,2019-12-16,378,Conduct a meeting to reinforce school rules.,Yes
1234,2019/20,2020-05-09,379,Schedule a counselor session for conflict resolution.,Yes
1234,2019/20,2020-02-21,380,Implement a classroom behavior management plan.,Yes
1236,2019/20,2020-06-10,381,Conduct a meeting to reinforce school rules.,Yes
1236,2019/20,2020-06-04,382,Schedule a counselor session for conflict resolution.,Yes
1236,2019/20,2019-09-02,383,Schedule a counselor session for conflict resolution.,Yes
1238,2019/20,2019-11-23,384,Encourage participation through interactive activities.,Yes
1238,2019/20,2019-10-12,385,Encourage participation through interactive activities.,Yes
1240,2019/20,2019-12-30,386,Conduct a meeting to reinforce school rules.,Yes
1240,2019/20,2020-04-12,387,Work with parents to address attendance concerns.,No
1241,2019/20,2020-03-23,388,Schedule a counselor session for conflict resolution.,Yes
1241,2019/20,2020-07-21,390,Encourage participation through interactive activities.,No
1242,2019/20,2020-03-29,391,Implement a classroom behavior management plan.,Yes
1242,2019/20,2019-12-20,392,Schedule a counselor session for conflict resolution.,Yes
1242,2019/20,2020-04-16,393,Encourage participation through interactive activities.,Yes
1243,2019/20,2019-11-02,394,Conduct a meeting to reinforce school rules.,No
1244,2019/20,2020-03-17,395,Schedule a counselor session for conflict resolution.,Yes
1244,2019/20,2020-05-09,396,Encourage participation through interactive activities.,Yes
1245,2019/20,2019-09-17,398,Implement a classroom behavior management plan.,Yes
1246,2019/20,2020-04-26,399,Conduct a meeting to reinforce school rules.,Yes
1247,2019/20,2020-01-17,400,Encourage participation through interactive activities.,Yes
1247,2019/20,2020-05-30,401,Conduct a meeting to reinforce school rules.,Yes
1248,2019/20,2020-07-27,402,Work with parents to address attendance concerns.,Yes
1248,2019/20,2019-12-11,404,Schedule a counselor session for conflict resolution.,No
1249,2019/20,2020-01-05,405,Work with parents to address attendance concerns.,No
1249,2019/20,2020-06-29,406,Encourage participation through interactive activities.,Yes
1249,2019/20,2020-05-17,407,Encourage participation through interactive activities.,Yes
1250,2019/20,2020-03-08,408,Encourage participation through interactive activities.,Yes
1251,2019/20,2019-11-20,409,Schedule a counselor session for conflict resolution.,Yes
1254,2019/20,2019-09-20,412,Schedule a counselor session for conflict resolution.,No
1254,2019/20,2019-12-21,413,Encourage participation through interactive activities.,Yes
1256,2019/20,2020-07-21,414,Implement a classroom behavior management plan.,No
1257,2019/20,2019-12-22,415,Schedule a counselor session for conflict resolution.,Yes
1258,2019/20,2020-06-13,416,Schedule a counselor session for conflict resolution.,Yes
1259,2019/20,2020-03-28,418,Schedule a counselor session for conflict resolution.,Yes
1261,2019/20,2019-11-05,419,Implement a classroom behavior management plan.,Yes
1261,2019/20,2019-09-30,420,Conduct a meeting to reinforce school rules.,Yes
1262,2019/20,2019-09-25,421,Conduct a meeting to reinforce school rules.,Yes
1264,2019/20,2020-07-12,422,Schedule a counselor session for conflict resolution.,Yes
1264,2019/20,2020-01-13,423,Implement a classroom behavior management plan.,No
1264,2019/20,2020-02-19,424,Conduct a meeting to reinforce school rules.,Yes
1265,2019/20,2019-09-05,425,Encourage participation through interactive activities.,No
1265,2019/20,2020-01-10,426,Schedule a counselor session for conflict resolution.,Yes
1266,2019/20,2020-07-30,427,Schedule a counselor session for conflict resolution.,Yes
1266,2019/20,2020-04-17,428,Implement a classroom behavior management plan.,Yes
1267,2019/20,2020-01-22,429,Encourage participation through interactive activities.,No
1268,2019/20,2020-06-18,430,Implement a classroom behavior management plan.,Yes
1269,2019/20,2019-10-27,431,Encourage participation through interactive activities.,Yes
1269,2019/20,2020-04-14,432,Conduct a meeting to reinforce school rules.,Yes
1269,2019/20,2020-02-05,433,Conduct a meeting to reinforce school rules.,Yes
1270,2019/20,2020-01-17,434,Implement a classroom behavior management plan.,No
1270,2019/20,2019-09-18,435,Schedule a counselor session for conflict resolution.,Yes
1270,2019/20,2019-10-01,436,Implement a classroom behavior management plan.,Yes
1272,2019/20,2020-06-29,438,Work with parents to address attendance concerns.,Yes
1273,2019/20,2019-09-20,439,Schedule a counselor session for conflict resolution.,Yes
1274,2019/20,2020-07-30,441,Encourage participation through interactive activities.,Yes
1275,2019/20,2020-07-21,442,Conduct a meeting to reinforce school rules.,Yes
1275,2019/20,2020-06-16,443,Conduct a meeting to reinforce school rules.,No
1277,2019/20,2020-05-05,444,Schedule a counselor session for conflict resolution.,Yes
1277,2019/20,2019-09-20,446,Work with parents to address attendance concerns.,Yes
1279,2019/20,2020-03-26,447,Conduct a meeting to reinforce school rules.,Yes
1280,2019/20,2020-07-13,449,Implement a classroom behavior management plan.,Yes
1280,2019/20,2020-05-15,450,Implement a classroom behavior management plan.,No
1282,2019/20,2020-05-10,451,Implement a classroom behavior management plan.,No
1282,2019/20,2020-06-27,452,Work with parents to address attendance concerns.,Yes
1283,2019/20,2019-10-06,453,Conduct a meeting to reinforce school rules.,Yes
1283,2019/20,2019-10-04,454,Schedule a counselor session for conflict resolution.,Yes
1284,2019/20,2019-09-21,456,Implement a classroom behavior management plan.,Yes
1285,2019/20,2019-09-04,457,Conduct a meeting to reinforce school rules.,Yes
1285,2019/20,2020-05-17,458,Implement a classroom behavior management plan.,Yes
1285,2019/20,2020-01-22,459,Work with parents to address attendance concerns.,Yes
1287,2019/20,2020-02-05,460,Encourage participation through interactive activities.,Yes
1287,2019/20,2019-12-07,461,Schedule a counselor session for conflict resolution.,Yes
1287,2019/20,2020-07-06,462,Implement a classroom behavior management plan.,Yes
1288,2019/20,2019-12-17,464,Conduct a meeting to reinforce school rules.,Yes
1289,2019/20,2019-11-05,467,Encourage participation through interactive activities.,No
1289,2019/20,2020-05-26,468,Schedule a counselor session for conflict resolution.,Yes
1291,2020/21,2020-10-22,469,Conduct a meeting to reinforce school rules.,No
1291,2020/21,2020-10-15,470,Schedule a counselor session for conflict resolution.,Yes
1292,2020/21,2021-04-24,472,Implement a classroom behavior management plan.,Yes
1292,2020/21,2021-03-30,473,Schedule a counselor session for conflict resolution.,Yes
1293,2020/21,2020-10-08,474,Conduct a meeting to reinforce school rules.,Yes
1293,2020/21,2021-05-06,475,Implement a classroom behavior management plan.,Yes
1293,2020/21,2020-12-19,476,Schedule a counselor session for conflict resolution.,Yes
1294,2020/21,2020-11-16,477,Work with parents to address attendance concerns.,No
1294,2020/21,2020-12-14,478,Implement a classroom behavior management plan.,Yes
1295,2020/21,2021-01-21,479,Encourage participation through interactive activities.,Yes
1295,2020/21,2020-10-07,480,Implement a classroom behavior management plan.,Yes
1297,2020/21,2020-12-14,481,Schedule a counselor session for conflict resolution.,Yes
1297,2020/21,2021-02-10,482,Implement a classroom behavior management plan.,Yes
1299,2020/21,2021-04-08,483,Work with parents to address attendance concerns.,Yes
1300,2020/21,2021-07-07,486,Work with parents to address attendance concerns.,No
1301,2020/21,2020-12-31,487,Conduct a meeting to reinforce school rules.,Yes
1302,2020/21,2021-07-28,488,Work with parents to address attendance concerns.,Yes
1302,2020/21,2020-11-24,489,Encourage participation through interactive activities.,Yes
1303,2020/21,2021-07-24,491,Schedule a counselor session for conflict resolution.,Yes
1305,2020/21,2021-06-20,492,Encourage participation through interactive activities.,No
1305,2020/21,2021-03-02,493,Work with parents to address attendance concerns.,No
1306,2020/21,2021-02-18,494,Conduct a meeting to reinforce school rules.,No
1308,2020/21,2021-03-04,495,Schedule a counselor session for conflict resolution.,Yes
1310,2020/21,2021-06-28,497,Conduct a meeting to reinforce school rules.,Yes
1311,2020/21,2020-09-25,498,Schedule a counselor session for conflict resolution.,Yes
1311,2020/21,2020-12-02,499,Conduct a meeting to reinforce school rules.,No
1312,2020/21,2021-04-18,500,Implement a classroom behavior management plan.,Yes
1313,2020/21,2021-04-07,501,Encourage participation through interactive activities.,Yes
1313,2020/21,2021-05-23,502,Conduct a meeting to reinforce school rules.,Yes
1314,2020/21,2021-07-23,503,Implement a classroom behavior management plan.,No
1317,2020/21,2020-12-25,504,Schedule a counselor session for conflict resolution.,Yes
1317,2020/21,2021-05-22,505,Encourage participation through interactive activities.,Yes
1317,2020/21,2021-01-09,506,Work with parents to address attendance concerns.,Yes
1319,2020/21,2021-01-20,507,Schedule a counselor session for conflict resolution.,Yes
1319,2020/21,2021-05-11,508,Schedule a counselor session for conflict resolution.,Yes
1320,2020/21,2020-12-27,510,Implement a classroom behavior management plan.,Yes
1320,2020/21,2020-09-22,511,Implement a classroom behavior management plan.,Yes
1323,2020/21,2021-02-05,514,Schedule a counselor session for conflict resolution.,Yes
1325,2020/21,2021-03-07,515,Work with parents to address attendance concerns.,Yes
1326,2020/21,2021-02-18,516,Work with parents to address attendance concerns.,Yes
1327,2020/21,2021-07-31,517,Conduct a meeting to reinforce school rules.,Yes
1328,2020/21,2021-02-04,518,Encourage participation through interactive activities.,No
1328,2020/21,2021-03-07,519,Conduct a meeting to reinforce school rules.,Yes
1329,2020/21,2021-04-01,521,Encourage participation through interactive activities.,No
1330,2020/21,2020-11-20,523,Work with parents to address attendance concerns.,Yes
1330,2020/21,2021-01-01,524,Work with parents to address attendance concerns.,Yes
1331,2020/21,2021-05-09,525,Encourage participation through interactive activities.,Yes
1331,2020/21,2021-07-06,526,Encourage participation through interactive activities.,No
1332,2020/21,2021-05-29,528,Work with parents to address attendance concerns.,No
1332,2020/21,2021-05-23,529,Work with parents to address attendance concerns.,Yes
1333,2020/21,2021-05-25,530,Encourage participation through interactive activities.,Yes
1333,2020/21,2021-05-25,531,Work with parents to address attendance concerns.,Yes
1334,2020/21,2020-10-30,533,Work with parents to address attendance concerns.,Yes
1334,2020/21,2020-10-09,534,Implement a classroom behavior management plan.,Yes
1335,2020/21,2021-03-20,535,Schedule a counselor session for conflict resolution.,Yes
1335,2020/21,2021-04-02,536,Schedule a counselor session for conflict resolution.,Yes
1336,2020/21,2020-11-14,537,Schedule a counselor session for conflict resolution.,Yes
1337,2020/21,2021-07-18,539,Implement a classroom behavior management plan.,No
1338,2020/21,2021-06-14,540,Implement a classroom behavior management plan.,Yes
1002,2020/21,2021-07-07,542,Implement a classroom behavior management plan.,Yes
1002,2020/21,2021-02-03,543,Schedule a counselor session for conflict resolution.,Yes
1003,2020/21,2021-04-13,544,Implement a classroom behavior management plan.,No
1003,2020/21,2020-10-01,545,Implement a classroom behavior management plan.,Yes
1003,2020/21,2020-11-07,546,Implement a classroom behavior management plan.,No
1005,2020/21,2021-07-30,548,Schedule a counselor session for conflict resolution.,No
1006,2020/21,2021-03-12,549,Work with parents to address attendance concerns.,Yes
1007,2020/21,2021-05-15,550,Encourage participation through interactive activities.,No
1007,2020/21,2020-11-05,551,Work with parents to address attendance concerns.,Yes
1007,2020/21,2020-09-23,552,Conduct a meeting to reinforce school rules.,Yes
1008,2020/21,2021-04-21,553,Conduct a meeting to reinforce school rules.,Yes
1008,2020/21,2020-10-31,554,Conduct a meeting to reinforce school rules.,No
1008,2020/21,2020-09-29,555,Conduct a meeting to reinforce school rules.,Yes
1011,2020/21,2021-05-25,557,Conduct a meeting to reinforce school rules.,Yes
1011,2020/21,2020-11-28,558,Work with parents to address attendance concerns.,Yes
1012,2020/21,2021-04-22,560,Conduct a meeting to reinforce school rules.,Yes
1013,2020/21,2020-11-08,561,Conduct a meeting to reinforce school rules.,Yes
1014,2020/21,2020-11-07,562,Conduct a meeting to reinforce school rules.,Yes
1014,2020/21,2021-06-26,563,Work with parents to address attendance concerns.,No
1014,2020/21,2021-02-14,564,Schedule a counselor session for conflict resolution.,No
1015,2020/21,2021-04-18,565,Work with parents to address attendance concerns.,No
1015,2020/21,2020-09-22,566,Implement a classroom behavior management plan.,Yes
1020,2020/21,2020-10-31,570,Work with parents to address attendance concerns.,No
1020,2020/21,2021-02-11,571,Conduct a meeting to reinforce school rules.,Yes
1023,2020/21,2021-04-02,573,Schedule a counselor session for conflict resolution.,Yes
1023,2020/21,2020-12-19,574,Work with parents to address attendance concerns.,Yes
1024,2020/21,2020-12-14,575,Schedule a counselor session for conflict resolution.,Yes
1024,2020/21,2021-01-23,576,Encourage participation through interactive activities.,Yes
1025,2020/21,2021-06-09,580,Conduct a meeting to reinforce school rules.,No
1026,2020/21,2021-05-10,581,Schedule a counselor session for conflict resolution.,Yes
1027,2020/21,2021-01-12,582,Encourage participation through interactive activities.,No
1027,2020/21,2021-06-07,583,Schedule a counselor session for conflict resolution.,Yes
1029,2020/21,2021-05-15,584,Work with parents to address attendance concerns.,No
1029,2020/21,2020-11-21,585,Implement a classroom behavior management plan.,Yes
1031,2020/21,2020-11-21,586,Conduct a meeting to reinforce school rules.,No
1031,2020/21,2021-03-25,587,Conduct a meeting to reinforce school rules.,Yes
1032,2020/21,2020-10-09,588,Work with parents to address attendance concerns.,Yes
1032,2020/21,2021-05-11,589,Conduct a meeting to reinforce school rules.,Yes
1032,2020/21,2021-02-04,590,Implement a classroom behavior management plan.,Yes
1033,2020/21,2021-05-10,591,Work with parents to address attendance concerns.,No
1036,2020/21,2020-12-17,594,Schedule a counselor session for conflict resolution.,No
1036,2020/21,2021-02-27,595,Work with parents to address attendance concerns.,No
1037,2020/21,2021-02-02,596,Implement a classroom behavior management plan.,No
1037,2020/21,2020-10-03,597,Schedule a counselor session for conflict resolution.,No
1037,2020/21,2021-03-29,598,Implement a classroom behavior management plan.,Yes
1038,2020/21,2020-12-30,599,Implement a classroom behavior management plan.,No
1038,2020/21,2021-01-01,600,Work with parents to address attendance concerns.,No
1038,2020/21,2021-02-13,601,Schedule a counselor session for conflict resolution.,No
1040,2020/21,2020-10-14,602,Schedule a counselor session for conflict resolution.,Yes
1041,2020/21,2021-03-15,603,Schedule a counselor session for conflict resolution.,Yes
1041,2020/21,2021-03-01,604,Encourage participation through interactive activities.,Yes
1041,2020/21,2021-05-09,605,Schedule a counselor session for conflict resolution.,Yes
1042,2020/21,2021-04-01,607,Conduct a meeting to reinforce school rules.,Yes
1044,2020/21,2020-12-22,608,Work with parents to address attendance concerns.,No
1044,2020/21,2021-06-30,609,Implement a classroom behavior management plan.,Yes
1045,2020/21,2021-02-08,610,Implement a classroom behavior management plan.,No
1047,2020/21,2020-11-21,611,Conduct a meeting to reinforce school rules.,No
1047,2020/21,2021-06-25,612,Implement a classroom behavior management plan.,No
1048,2020/21,2021-01-26,613,Implement a classroom behavior management plan.,No
1049,2020/21,2021-04-05,616,Implement a classroom behavior management plan.,Yes
1052,2020/21,2021-04-23,617,Conduct a meeting to reinforce school rules.,Yes
1052,2020/21,2021-05-05,618,Encourage participation through interactive activities.,Yes
1053,2020/21,2020-11-16,619,Implement a classroom behavior management plan.,No
1053,2020/21,2021-06-27,620,Work with parents to address attendance concerns.,Yes
1055,2020/21,2020-12-01,621,Work with parents to address attendance concerns.,No
1056,2020/21,2020-11-14,622,Encourage participation through interactive activities.,No
1057,2020/21,2020-09-12,623,Work with parents to address attendance concerns.,Yes
1057,2020/21,2021-07-25,624,Schedule a counselor session for conflict resolution.,No
1058,2020/21,2021-03-04,625,Work with parents to address attendance concerns.,Yes
1058,2020/21,2020-10-11,626,Schedule a counselor session for conflict resolution.,Yes
1059,2020/21,2020-12-25,627,Encourage participation through interactive activities.,No
1059,2020/21,2020-12-30,628,Encourage participation through interactive activities.,Yes
1059,2020/21,2021-05-03,629,Implement a classroom behavior management plan.,Yes
1060,2020/21,2020-09-20,630,Conduct a meeting to reinforce school rules.,Yes
1060,2020/21,2021-04-16,631,Conduct a meeting to reinforce school rules.,No
1060,2020/21,2020-11-08,632,Encourage participation through interactive activities.,Yes
1061,2020/21,2021-06-12,633,Conduct a meeting to reinforce school rules.,No
1061,2020/21,2021-03-01,635,Conduct a meeting to reinforce school rules.,Yes
1062,2020/21,2021-06-02,636,Schedule a counselor session for conflict resolution.,Yes
1062,2020/21,2021-01-04,637,Encourage participation through interactive activities.,No
1064,2020/21,2021-02-24,638,Implement a classroom behavior management plan.,Yes
1064,2020/21,2020-12-26,639,Encourage participation through interactive activities.,Yes
1065,2020/21,2021-05-14,640,Conduct a meeting to reinforce school rules.,Yes
1066,2020/21,2021-07-06,641,Schedule a counselor session for conflict resolution.,Yes
1067,2020/21,2020-11-26,642,Implement a classroom behavior management plan.,No
1067,2020/21,2021-04-10,643,Implement a classroom behavior management plan.,Yes
1067,2020/21,2021-04-17,644,Conduct a meeting to reinforce school rules.,Yes
1068,2020/21,2021-07-15,645,Conduct a meeting to reinforce school rules.,No
1069,2020/21,2020-11-07,646,Schedule a counselor session for conflict resolution.,No
1070,2020/21,2020-11-21,647,Conduct a meeting to reinforce school rules.,Yes
1071,2020/21,2021-01-04,650,Encourage participation through interactive activities.,Yes
1071,2020/21,2021-07-01,651,Schedule a counselor session for conflict resolution.,Yes
1072,2020/21,2021-04-07,652,Implement a classroom behavior management plan.,Yes
1072,2020/21,2020-11-13,653,Implement a classroom behavior management plan.,Yes
1073,2020/21,2021-05-07,654,Work with parents to address attendance concerns.,Yes
1073,2020/21,2021-04-21,655,Implement a classroom behavior management plan.,No
1073,2020/21,2020-12-07,656,Encourage participation through interactive activities.,Yes
1074,2020/21,2021-06-14,657,Schedule a counselor session for conflict resolution.,Yes
1075,2020/21,2020-10-28,658,Encourage participation through interactive activities.,No
1075,2020/21,2020-10-31,659,Encourage participation through interactive activities.,Yes
1075,2020/21,2020-12-07,660,Conduct a meeting to reinforce school rules.,Yes
1076,2020/21,2021-04-17,661,Encourage participation through interactive activities.,Yes
1076,2020/21,2021-01-04,662,Implement a classroom behavior management plan.,Yes
1077,2020/21,2020-12-04,663,Work with parents to address attendance concerns.,Yes
1077,2020/21,2020-12-14,664,Conduct a meeting to reinforce school rules.,Yes
1078,2020/21,2021-02-24,665,Implement a classroom behavior management plan.,Yes
1079,2020/21,2021-02-13,666,Conduct a meeting to reinforce school rules.,No
1080,2020/21,2021-06-27,667,Implement a classroom behavior management plan.,No
1081,2020/21,2021-06-28,668,Implement a classroom behavior management plan.,Yes
1081,2020/21,2020-11-27,669,Work with parents to address attendance concerns.,No
1082,2020/21,2021-04-03,670,Implement a classroom behavior management plan.,Yes
1082,2020/21,2021-02-18,671,Implement a classroom behavior management plan.,Yes
1082,2020/21,2020-12-03,672,Encourage participation through interactive activities.,No
1083,2020/21,2020-12-09,673,Encourage participation through interactive activities.,Yes
1084,2020/21,2021-06-09,674,Implement a classroom behavior management plan.,No
1084,2020/21,2021-01-04,675,Conduct a meeting to reinforce school rules.,Yes
1085,2020/21,2021-02-19,676,Encourage participation through interactive activities.,Yes
1085,2020/21,2021-02-07,677,Encourage participation through interactive activities.,Yes
1085,2020/21,2021-07-02,678,Conduct a meeting to reinforce school rules.,Yes
1086,2020/21,2020-11-23,679,Work with parents to address attendance concerns.,No
1086,2020/21,2021-02-25,680,Conduct a meeting to reinforce school rules.,Yes
1086,2020/21,2021-03-12,681,Work with parents to address attendance concerns.,No
1089,2020/21,2020-10-24,682,Conduct a meeting to reinforce school rules.,Yes
1092,2020/21,2021-05-26,684,Conduct a meeting to reinforce school rules.,Yes
1094,2020/21,2021-06-20,685,Conduct a meeting to reinforce school rules.,Yes
1097,2020/21,2021-02-18,686,Implement a classroom behavior management plan.,No
1098,2020/21,2020-11-29,687,Conduct a meeting to reinforce school rules.,Yes
1098,2020/21,2020-09-06,688,Encourage participation through interactive activities.,Yes
1098,2020/21,2021-03-01,689,Implement a classroom behavior management plan.,Yes
1101,2020/21,2021-01-22,691,Encourage participation through interactive activities.,Yes
1103,2020/21,2020-12-08,692,Schedule a counselor session for conflict resolution.,Yes
1103,2020/21,2020-11-24,693,Implement a classroom behavior management plan.,Yes
1105,2020/21,2021-06-01,694,Schedule a counselor session for conflict resolution.,Yes
1106,2020/21,2021-05-10,695,Implement a classroom behavior management plan.,No
1106,2020/21,2021-03-25,696,Schedule a counselor session for conflict resolution.,Yes
1107,2020/21,2020-12-01,697,Encourage participation through interactive activities.,Yes
1107,2020/21,2020-09-18,698,Encourage participation through interactive activities.,Yes
1107,2020/21,2021-03-01,699,Work with parents to address attendance concerns.,Yes
1108,2020/21,2021-01-16,700,Encourage participation through interactive activities.,Yes
1108,2020/21,2020-11-10,701,Implement a classroom behavior management plan.,Yes
1110,2020/21,2021-06-22,705,Conduct a meeting to reinforce school rules.,Yes
1110,2020/21,2021-04-25,706,Work with parents to address attendance concerns.,Yes
1111,2020/21,2021-07-27,708,Work with parents to address attendance concerns.,No
1113,2020/21,2020-11-30,710,Implement a classroom behavior management plan.,Yes
1113,2020/21,2021-01-21,711,Work with parents to address attendance concerns.,Yes
1116,2020/21,2021-02-19,712,Encourage participation through interactive activities.,No
1116,2020/21,2021-01-13,713,Encourage participation through interactive activities.,Yes
1116,2020/21,2020-09-02,714,Encourage participation through interactive activities.,Yes
1117,2020/21,2021-01-14,715,Work with parents to address attendance concerns.,No
1117,2020/21,2021-07-27,716,Implement a classroom behavior management plan.,Yes
1117,2020/21,2021-05-17,717,Work with parents to address attendance concerns.,Yes
1118,2020/21,2021-02-19,718,Conduct a meeting to reinforce school rules.,No
1119,2020/21,2020-12-29,719,Schedule a counselor session for conflict resolution.,Yes
1120,2020/21,2020-09-15,720,Encourage participation through interactive activities.,Yes
1122,2020/21,2020-10-11,721,Conduct a meeting to reinforce school rules.,Yes
1122,2020/21,2020-09-13,722,Encourage participation through interactive activities.,No
1122,2020/21,2020-09-16,723,Implement a classroom behavior management plan.,No
1123,2020/21,2021-04-23,724,Implement a classroom behavior management plan.,Yes
1123,2020/21,2021-01-02,725,Work with parents to address attendance concerns.,Yes
1124,2020/21,2021-02-20,727,Work with parents to address attendance concerns.,No
1125,2020/21,2021-06-15,728,Encourage participation through interactive activities.,Yes
1125,2020/21,2020-10-01,729,Implement a classroom behavior management plan.,No
1126,2020/21,2021-04-07,730,Schedule a counselor session for conflict resolution.,No
1126,2020/21,2020-10-02,732,Implement a classroom behavior management plan.,Yes
1127,2020/21,2021-01-19,733,Work with parents to address attendance concerns.,Yes
1127,2020/21,2020-12-12,734,Implement a classroom behavior management plan.,Yes
1127,2020/21,2021-05-04,735,Schedule a counselor session for conflict resolution.,No
1128,2020/21,2020-12-22,736,Encourage participation through interactive activities.,No
1128,2020/21,2021-06-14,737,Work with parents to address attendance concerns.,Yes
1129,2020/21,2020-11-24,738,Implement a classroom behavior management plan.,Yes
1129,2020/21,2020-11-04,739,Conduct a meeting to reinforce school rules.,No
1131,2020/21,2021-06-06,740,Work with parents to address attendance concerns.,No
1133,2020/21,2021-05-30,741,Implement a classroom behavior management plan.,Yes
1133,2020/21,2021-04-07,742,Schedule a counselor session for conflict resolution.,Yes
1134,2020/21,2021-01-17,743,Conduct a meeting to reinforce school rules.,Yes
1134,2020/21,2020-12-26,744,Work with parents to address attendance concerns.,Yes
1135,2020/21,2021-03-18,745,Work with parents to address attendance concerns.,Yes
1135,2020/21,2021-06-26,746,Encourage participation through interactive activities.,Yes
1135,2020/21,2020-11-03,747,Implement a classroom behavior management plan.,No
1136,2020/21,2020-09-14,748,Schedule a counselor session for conflict resolution.,No
1136,2020/21,2020-10-31,749,Implement a classroom behavior management plan.,Yes
1136,2020/21,2021-06-30,750,Schedule a counselor session for conflict resolution.,Yes
1139,2020/21,2020-09-13,753,Encourage participation through interactive activities.,Yes
1139,2020/21,2021-01-31,754,Schedule a counselor session for conflict resolution.,Yes
1139,2020/21,2021-03-30,755,Schedule a counselor session for conflict resolution.,Yes
1140,2020/21,2021-06-11,756,Encourage participation through interactive activities.,No
1140,2020/21,2020-09-04,757,Conduct a meeting to reinforce school rules.,No
1140,2020/21,2020-12-04,758,Conduct a meeting to reinforce school rules.,Yes
1143,2020/21,2020-12-27,759,Encourage participation through interactive activities.,Yes
1143,2020/21,2021-07-17,760,Implement a classroom behavior management plan.,Yes
1143,2020/21,2020-09-26,761,Encourage participation through interactive activities.,Yes
1144,2020/21,2021-02-22,762,Conduct a meeting to reinforce school rules.,Yes
1144,2020/21,2021-05-04,763,Implement a classroom behavior management plan.,No
1144,2020/21,2021-02-15,764,Implement a classroom behavior management plan.,No
1146,2020/21,2020-12-08,765,Encourage participation through interactive activities.,No
1146,2020/21,2020-12-16,766,Conduct a meeting to reinforce school rules.,No
1146,2020/21,2020-10-08,767,Encourage participation through interactive activities.,No
1148,2020/21,2020-09-02,770,Schedule a counselor session for conflict resolution.,Yes
1149,2020/21,2021-02-07,771,Work with parents to address attendance concerns.,No
1149,2020/21,2021-02-15,772,Schedule a counselor session for conflict resolution.,Yes
1150,2020/21,2020-11-29,773,Schedule a counselor session for conflict resolution.,No
1150,2020/21,2021-03-02,774,Schedule a counselor session for conflict resolution.,No
1152,2020/21,2021-05-14,775,Schedule a counselor session for conflict resolution.,No
1157,2020/21,2021-04-05,776,Schedule a counselor session for conflict resolution.,Yes
1158,2020/21,2021-01-17,777,Implement a classroom behavior management plan.,Yes
1158,2020/21,2020-12-08,778,Implement a classroom behavior management plan.,No
1158,2020/21,2021-01-07,779,Work with parents to address attendance concerns.,Yes
1162,2020/21,2021-04-13,780,Work with parents to address attendance concerns.,No
1162,2020/21,2021-01-23,781,Implement a classroom behavior management plan.,Yes
1163,2020/21,2021-06-07,782,Schedule a counselor session for conflict resolution.,No
1163,2020/21,2021-03-05,783,Encourage participation through interactive activities.,Yes
1164,2020/21,2021-03-23,784,Encourage participation through interactive activities.,Yes
1166,2020/21,2021-01-05,785,Conduct a meeting to reinforce school rules.,Yes
1167,2020/21,2021-02-23,786,Encourage participation through interactive activities.,Yes
1168,2020/21,2021-05-25,788,Work with parents to address attendance concerns.,Yes
1170,2020/21,2021-03-11,789,Conduct a meeting to reinforce school rules.,No
1170,2020/21,2021-05-07,790,Work with parents to address attendance concerns.,Yes
1170,2020/21,2020-10-06,791,Encourage participation through interactive activities.,No
1171,2020/21,2021-05-02,792,Implement a classroom behavior management plan.,Yes
1173,2020/21,2021-01-21,793,Schedule a counselor session for conflict resolution.,No
1173,2020/21,2021-07-27,794,Encourage participation through interactive activities.,Yes
1174,2020/21,2021-05-29,795,Schedule a counselor session for conflict resolution.,Yes
1174,2020/21,2021-01-05,796,Encourage participation through interactive activities.,Yes
1175,2020/21,2021-03-05,797,Schedule a counselor session for conflict resolution.,Yes
1176,2020/21,2020-11-03,798,Implement a classroom behavior management plan.,No
1176,2020/21,2020-09-01,799,Schedule a counselor session for conflict resolution.,Yes
1177,2020/21,2021-03-28,801,Schedule a counselor session for conflict resolution.,Yes
1177,2020/21,2021-04-23,802,Implement a classroom behavior management plan.,No
1177,2020/21,2021-04-13,803,Schedule a counselor session for conflict resolution.,No
1179,2020/21,2021-04-01,804,Work with parents to address attendance concerns.,Yes
1179,2020/21,2021-05-02,805,Implement a classroom behavior management plan.,Yes
1179,2020/21,2020-11-10,806,Encourage participation through interactive activities.,Yes
1180,2020/21,2020-09-21,807,Work with parents to address attendance concerns.,No
1180,2020/21,2021-01-26,808,Conduct a meeting to reinforce school rules.,No
1180,2020/21,2021-04-12,809,Implement a classroom behavior management plan.,Yes
1181,2020/21,2020-09-14,810,Schedule a counselor session for conflict resolution.,No
1187,2020/21,2020-12-13,813,Implement a classroom behavior management plan.,Yes
1188,2020/21,2021-01-19,814,Schedule a counselor session for conflict resolution.,Yes
1188,2020/21,2021-01-29,815,Encourage participation through interactive activities.,Yes
1188,2020/21,2021-07-04,816,Conduct a meeting to reinforce school rules.,Yes
1189,2020/21,2021-06-04,817,Schedule a counselor session for conflict resolution.,Yes
1189,2020/21,2021-05-20,818,Schedule a counselor session for conflict resolution.,Yes
1190,2020/21,2020-11-23,819,Encourage participation through interactive activities.,Yes
1190,2020/21,2020-09-18,820,Implement a classroom behavior management plan.,No
1190,2020/21,2021-04-02,821,Work with parents to address attendance concerns.,Yes
1191,2020/21,2020-12-31,822,Implement a classroom behavior management plan.,Yes
1191,2020/21,2020-11-10,823,Implement a classroom behavior management plan.,No
1193,2020/21,2020-09-22,824,Work with parents to address attendance concerns.,No
1193,2020/21,2020-10-17,825,Implement a classroom behavior management plan.,Yes
1195,2020/21,2020-11-02,827,Work with parents to address attendance concerns.,Yes
1195,2020/21,2021-05-21,829,Work with parents to address attendance concerns.,Yes
1196,2020/21,2021-03-02,830,Work with parents to address attendance concerns.,Yes
1196,2020/21,2021-04-22,831,Encourage participation through interactive activities.,Yes
1196,2020/21,2020-10-25,832,Work with parents to address attendance concerns.,No
1197,2020/21,2021-04-02,834,Conduct a meeting to reinforce school rules.,Yes
1197,2020/21,2021-07-31,835,Work with parents to address attendance concerns.,Yes
1199,2020/21,2021-07-22,837,Schedule a counselor session for conflict resolution.,No
1200,2020/21,2021-01-28,838,Schedule a counselor session for conflict resolution.,Yes
1200,2020/21,2021-02-24,839,Schedule a counselor session for conflict resolution.,Yes
1201,2020/21,2021-01-06,841,Schedule a counselor session for conflict resolution.,No
1202,2020/21,2020-09-23,843,Conduct a meeting to reinforce school rules.,Yes
1203,2020/21,2020-11-21,844,Schedule a counselor session for conflict resolution.,Yes
1204,2020/21,2021-01-15,845,Implement a classroom behavior management plan.,Yes
1204,2020/21,2020-11-17,846,Schedule a counselor session for conflict resolution.,Yes
1204,2020/21,2021-04-11,847,Encourage participation through interactive activities.,Yes
1205,2020/21,2020-10-12,848,Implement a classroom behavior management plan.,No
1206,2020/21,2021-07-26,849,Implement a classroom behavior management plan.,Yes
1206,2020/21,2020-09-11,850,Work with parents to address attendance concerns.,Yes
1206,2020/21,2021-02-12,851,Conduct a meeting to reinforce school rules.,Yes
1207,2020/21,2021-07-08,852,Work with parents to address attendance concerns.,Yes
1210,2020/21,2020-10-20,854,Schedule a counselor session for conflict resolution.,No
1210,2020/21,2021-02-27,855,Implement a classroom behavior management plan.,Yes
1211,2020/21,2021-07-19,856,Encourage participation through interactive activities.,No
1211,2020/21,2021-06-09,857,Implement a classroom behavior management plan.,No
1211,2020/21,2020-09-09,858,Schedule a counselor session for conflict resolution.,Yes
1213,2020/21,2020-11-09,859,Schedule a counselor session for conflict resolution.,Yes
1214,2020/21,2021-03-31,860,Schedule a counselor session for conflict resolution.,Yes
1215,2020/21,2021-06-01,861,Work with parents to address attendance concerns.,Yes
1215,2020/21,2020-11-03,862,Work with parents to address attendance concerns.,No
1215,2020/21,2021-03-03,863,Encourage participation through interactive activities.,No
1217,2020/21,2020-11-16,865,Work with parents to address attendance concerns.,No
1217,2020/21,2020-12-12,866,Encourage participation through interactive activities.,No
1219,2020/21,2021-02-01,867,Encourage participation through interactive activities.,Yes
1219,2020/21,2021-05-11,868,Conduct a meeting to reinforce school rules.,Yes
1219,2020/21,2021-02-18,869,Work with parents to address attendance concerns.,Yes
1222,2020/21,2021-05-17,870,Work with parents to address attendance concerns.,Yes
1222,2020/21,2020-12-27,871,Encourage participation through interactive activities.,Yes
1223,2020/21,2021-07-22,872,Implement a classroom behavior management plan.,Yes
1223,2020/21,2021-01-08,873,Conduct a meeting to reinforce school rules.,Yes
1227,2020/21,2021-01-27,875,Conduct a meeting to reinforce school rules.,Yes
1228,2020/21,2020-11-20,877,Schedule a counselor session for conflict resolution.,No
1228,2020/21,2021-03-14,878,Conduct a meeting to reinforce school rules.,Yes
1228,2020/21,2021-04-27,879,Work with parents to address attendance concerns.,Yes
1230,2020/21,2021-03-27,880,Schedule a counselor session for conflict resolution.,Yes
1230,2020/21,2021-03-07,881,Schedule a counselor session for conflict resolution.,No
1231,2020/21,2020-10-16,882,Schedule a counselor session for conflict resolution.,Yes
1231,2020/21,2021-03-09,883,Conduct a meeting to reinforce school rules.,Yes
1231,2020/21,2020-12-14,884,Implement a classroom behavior management plan.,Yes
1232,2020/21,2020-12-04,885,Implement a classroom behavior management plan.,No
1234,2020/21,2021-02-11,887,Encourage participation through interactive activities.,Yes
1234,2020/21,2020-10-27,888,Conduct a meeting to reinforce school rules.,No
1234,2020/21,2021-05-19,889,Conduct a meeting to reinforce school rules.,No
1235,2020/21,2021-02-09,890,Work with parents to address attendance concerns.,Yes
1236,2020/21,2020-11-12,892,Schedule a counselor session for conflict resolution.,Yes
1237,2020/21,2021-03-06,893,Schedule a counselor session for conflict resolution.,No
1238,2020/21,2020-09-15,894,Conduct a meeting to reinforce school rules.,No
1241,2020/21,2021-04-29,896,Schedule a counselor session for conflict resolution.,Yes
1242,2020/21,2021-03-14,897,Work with parents to address attendance concerns.,Yes
1242,2020/21,2020-11-29,898,Work with parents to address attendance concerns.,No
1340,2021/22,2021-12-16,900,Implement a classroom behavior management plan.,Yes
1341,2021/22,2021-11-09,902,Conduct a meeting to reinforce school rules.,Yes
1341,2021/22,2021-12-24,903,Encourage participation through interactive activities.,Yes
1342,2021/22,2022-06-02,904,Schedule a counselor session for conflict resolution.,Yes
1343,2021/22,2021-09-27,906,Encourage participation through interactive activities.,Yes
1343,2021/22,2021-11-24,907,Implement a classroom behavior management plan.,No
1344,2021/22,2021-11-24,909,Implement a classroom behavior management plan.,Yes
1344,2021/22,2021-12-08,910,Work with parents to address attendance concerns.,Yes
1345,2021/22,2021-11-07,911,Implement a classroom behavior management plan.,Yes
1345,2021/22,2022-05-23,912,Implement a classroom behavior management plan.,No
1346,2021/22,2021-10-25,913,Encourage participation through interactive activities.,Yes
1346,2021/22,2022-02-23,914,Conduct a meeting to reinforce school rules.,Yes
1347,2021/22,2021-12-13,915,Implement a classroom behavior management plan.,Yes
1348,2021/22,2022-07-04,916,Implement a classroom behavior management plan.,No
1348,2021/22,2022-05-09,917,Schedule a counselor session for conflict resolution.,Yes
1349,2021/22,2022-04-14,918,Encourage participation through interactive activities.,Yes
1349,2021/22,2022-02-07,919,Work with parents to address attendance concerns.,Yes
1349,2021/22,2021-11-29,920,Encourage participation through interactive activities.,Yes
1350,2021/22,2021-10-27,921,Schedule a counselor session for conflict resolution.,No
1351,2021/22,2022-03-03,922,Encourage participation through interactive activities.,No
1352,2021/22,2021-10-02,923,Schedule a counselor session for conflict resolution.,No
1354,2021/22,2021-12-17,924,Conduct a meeting to reinforce school rules.,Yes
1355,2021/22,2022-06-28,925,Encourage participation through interactive activities.,No
1355,2021/22,2022-01-04,926,Implement a classroom behavior management plan.,No
1358,2021/22,2021-12-11,927,Encourage participation through interactive activities.,Yes
1360,2021/22,2022-02-14,928,Schedule a counselor session for conflict resolution.,Yes
1361,2021/22,2021-09-12,929,Encourage participation through interactive activities.,No
1361,2021/22,2021-12-16,931,Work with parents to address attendance concerns.,Yes
1362,2021/22,2022-05-12,932,Encourage participation through interactive activities.,Yes
1362,2021/22,2021-09-30,933,Encourage participation through interactive activities.,Yes
1363,2021/22,2022-01-27,935,Implement a classroom behavior management plan.,No
1363,2021/22,2022-03-22,936,Conduct a meeting to reinforce school rules.,Yes
1364,2021/22,2022-05-19,937,Encourage participation through interactive activities.,Yes
1364,2021/22,2022-06-02,938,Implement a classroom behavior management plan.,Yes
1365,2021/22,2021-10-10,939,Work with parents to address attendance concerns.,Yes
1365,2021/22,2021-12-12,940,Implement a classroom behavior management plan.,Yes
1366,2021/22,2022-05-02,941,Schedule a counselor session for conflict resolution.,Yes
1368,2021/22,2022-07-30,942,Work with parents to address attendance concerns.,Yes
1368,2021/22,2022-04-15,943,Encourage participation through interactive activities.,Yes
1369,2021/22,2021-10-24,944,Implement a classroom behavior management plan.,Yes
1369,2021/22,2022-04-27,945,Schedule a counselor session for conflict resolution.,Yes
1370,2021/22,2022-05-04,946,Schedule a counselor session for conflict resolution.,Yes
1371,2021/22,2022-04-21,947,Work with parents to address attendance concerns.,No
1372,2021/22,2022-04-05,948,Implement a classroom behavior management plan.,Yes
1372,2021/22,2021-12-15,949,Conduct a meeting to reinforce school rules.,Yes
1373,2021/22,2021-11-08,951,Work with parents to address attendance concerns.,No
1373,2021/22,2022-07-14,952,Implement a classroom behavior management plan.,Yes
1377,2021/22,2022-02-11,953,Implement a classroom behavior management plan.,Yes
1380,2021/22,2022-02-23,955,Work with parents to address attendance concerns.,Yes
1380,2021/22,2021-09-10,956,Encourage participation through interactive activities.,No
1381,2021/22,2021-12-30,959,Conduct a meeting to reinforce school rules.,Yes
1383,2021/22,2022-06-29,960,Work with parents to address attendance concerns.,Yes
1384,2021/22,2021-10-08,961,Implement a classroom behavior management plan.,Yes
1384,2021/22,2022-03-31,962,Conduct a meeting to reinforce school rules.,Yes
1385,2021/22,2021-10-26,963,Implement a classroom behavior management plan.,Yes
1385,2021/22,2021-10-08,964,Conduct a meeting to reinforce school rules.,Yes
1387,2021/22,2022-07-24,966,Work with parents to address attendance concerns.,Yes
1388,2021/22,2022-02-10,967,Work with parents to address attendance concerns.,Yes
1388,2021/22,2021-12-16,968,Work with parents to address attendance concerns.,No
1291,2021/22,2021-11-17,969,Encourage participation through interactive activities.,Yes
1291,2021/22,2022-04-02,970,Schedule a counselor session for conflict resolution.,Yes
1292,2021/22,2022-05-20,971,Schedule a counselor session for conflict resolution.,Yes
1292,2021/22,2021-11-28,972,Implement a classroom behavior management plan.,Yes
1293,2021/22,2022-05-01,973,Implement a classroom behavior management plan.,Yes
1293,2021/22,2022-05-25,974,Encourage participation through interactive activities.,No
1293,2021/22,2022-05-13,975,Work with parents to address attendance concerns.,Yes
1294,2021/22,2022-03-29,976,Work with parents to address attendance concerns.,Yes
1296,2021/22,2022-01-18,979,Conduct a meeting to reinforce school rules.,No
1297,2021/22,2021-11-20,980,Schedule a counselor session for conflict resolution.,Yes
1297,2021/22,2022-07-01,981,Encourage participation through interactive activities.,Yes
1298,2021/22,2022-03-25,983,Conduct a meeting to reinforce school rules.,Yes
1299,2021/22,2021-10-26,984,Implement a classroom behavior management plan.,Yes
1300,2021/22,2022-03-07,985,Conduct a meeting to reinforce school rules.,Yes
1302,2021/22,2021-09-20,986,Encourage participation through interactive activities.,Yes
1302,2021/22,2022-06-03,987,Conduct a meeting to reinforce school rules.,No
1302,2021/22,2022-05-16,988,Encourage participation through interactive activities.,Yes
1304,2021/22,2022-06-25,990,Schedule a counselor session for conflict resolution.,Yes
1304,2021/22,2022-02-08,991,Work with parents to address attendance concerns.,No
1308,2021/22,2021-12-20,992,Conduct a meeting to reinforce school rules.,Yes
1308,2021/22,2022-01-10,993,Schedule a counselor session for conflict resolution.,Yes
1308,2021/22,2022-06-02,994,Encourage participation through interactive activities.,No
1311,2021/22,2022-07-04,996,Conduct a meeting to reinforce school rules.,No
1312,2021/22,2021-09-02,997,Implement a classroom behavior management plan.,No
1312,2021/22,2021-10-06,998,Implement a classroom behavior management plan.,Yes
1313,2021/22,2021-12-29,999,Schedule a counselor session for conflict resolution.,No
1314,2021/22,2022-06-10,1001,Encourage participation through interactive activities.,Yes
1315,2021/22,2022-06-27,1002,Encourage participation through interactive activities.,No
1316,2021/22,2022-02-07,1004,Conduct a meeting to reinforce school rules.,Yes
1316,2021/22,2021-11-13,1005,Encourage participation through interactive activities.,Yes
1318,2021/22,2022-02-01,1006,Implement a classroom behavior management plan.,No
1318,2021/22,2022-01-14,1007,Encourage participation through interactive activities.,Yes
1319,2021/22,2022-02-25,1008,Encourage participation through interactive activities.,Yes
1320,2021/22,2022-02-12,1009,Work with parents to address attendance concerns.,No
1320,2021/22,2022-05-04,1010,Schedule a counselor session for conflict resolution.,Yes
1321,2021/22,2022-07-17,1011,Work with parents to address attendance concerns.,Yes
1321,2021/22,2022-03-23,1012,Implement a classroom behavior management plan.,Yes
1322,2021/22,2022-01-08,1014,Work with parents to address attendance concerns.,Yes
1323,2021/22,2022-06-29,1017,Work with parents to address attendance concerns.,Yes
1325,2021/22,2022-06-26,1018,Conduct a meeting to reinforce school rules.,No
1325,2021/22,2022-04-22,1019,Work with parents to address attendance concerns.,No
1325,2021/22,2022-06-20,1020,Implement a classroom behavior management plan.,Yes
1326,2021/22,2022-06-16,1021,Encourage participation through interactive activities.,Yes
1326,2021/22,2022-03-23,1022,Schedule a counselor session for conflict resolution.,No
1327,2021/22,2021-09-24,1023,Implement a classroom behavior management plan.,No
1327,2021/22,2022-03-07,1024,Conduct a meeting to reinforce school rules.,Yes
1328,2021/22,2022-04-17,1025,Conduct a meeting to reinforce school rules.,Yes
1328,2021/22,2021-10-20,1026,Conduct a meeting to reinforce school rules.,Yes
1328,2021/22,2021-10-26,1027,Implement a classroom behavior management plan.,Yes
1329,2021/22,2022-01-11,1028,Schedule a counselor session for conflict resolution.,Yes
1329,2021/22,2021-12-31,1029,Schedule a counselor session for conflict resolution.,Yes
1330,2021/22,2022-06-12,1030,Implement a classroom behavior management plan.,Yes
1330,2021/22,2021-12-06,1031,Schedule a counselor session for conflict resolution.,No
1330,2021/22,2022-03-03,1032,Schedule a counselor session for conflict resolution.,Yes
1331,2021/22,2022-06-19,1033,Schedule a counselor session for conflict resolution.,Yes
1331,2021/22,2021-10-02,1034,Work with parents to address attendance concerns.,No
1332,2021/22,2022-02-15,1035,Work with parents to address attendance concerns.,No
1332,2021/22,2021-09-05,1036,Work with parents to address attendance concerns.,Yes
1332,2021/22,2022-06-05,1037,Work with parents to address attendance concerns.,No
1333,2021/22,2021-12-18,1038,Implement a classroom behavior management plan.,No
1333,2021/22,2022-05-17,1039,Work with parents to address attendance concerns.,Yes
1333,2021/22,2022-01-03,1040,Implement a classroom behavior management plan.,Yes
1334,2021/22,2022-06-19,1042,Encourage participation through interactive activities.,Yes
1335,2021/22,2021-09-19,1043,Work with parents to address attendance concerns.,No
1336,2021/22,2022-01-15,1045,Conduct a meeting to reinforce school rules.,No
1336,2021/22,2022-01-23,1046,Encourage participation through interactive activities.,No
1336,2021/22,2022-03-11,1047,Encourage participation through interactive activities.,No
1337,2021/22,2022-05-24,1048,Encourage participation through interactive activities.,Yes
1338,2021/22,2022-01-30,1049,Encourage participation through interactive activities.,No
1338,2021/22,2022-03-25,1050,Encourage participation through interactive activities.,Yes
1338,2021/22,2022-03-12,1051,Work with parents to address attendance concerns.,Yes
1339,2021/22,2021-12-06,1053,Encourage participation through interactive activities.,Yes
1001,2021/22,2021-10-29,1054,Schedule a counselor session for conflict resolution.,No
1001,2021/22,2022-06-23,1055,Conduct a meeting to reinforce school rules.,Yes
1002,2021/22,2022-03-09,1056,Schedule a counselor session for conflict resolution.,Yes
1004,2021/22,2021-10-24,1057,Encourage participation through interactive activities.,No
1005,2021/22,2022-02-21,1058,Implement a classroom behavior management plan.,No
1006,2021/22,2022-03-03,1059,Schedule a counselor session for conflict resolution.,Yes
1007,2021/22,2022-06-11,1061,Conduct a meeting to reinforce school rules.,Yes
1007,2021/22,2022-07-09,1062,Work with parents to address attendance concerns.,Yes
1008,2021/22,2021-09-30,1063,Encourage participation through interactive activities.,Yes
1008,2021/22,2022-07-22,1064,Work with parents to address attendance concerns.,Yes
1010,2021/22,2021-12-14,1065,Implement a classroom behavior management plan.,No
1010,2021/22,2021-12-27,1066,Conduct a meeting to reinforce school rules.,Yes
1014,2021/22,2021-12-20,1069,Schedule a counselor session for conflict resolution.,No
1014,2021/22,2022-03-18,1070,Work with parents to address attendance concerns.,Yes
1017,2021/22,2022-06-25,1071,Encourage participation through interactive activities.,No
1017,2021/22,2021-09-03,1073,Work with parents to address attendance concerns.,Yes
1018,2021/22,2021-12-10,1074,Implement a classroom behavior management plan.,No
1020,2021/22,2022-05-21,1075,Encourage participation through interactive activities.,Yes
1020,2021/22,2022-01-02,1076,Work with parents to address attendance concerns.,Yes
1021,2021/22,2021-11-15,1077,Encourage participation through interactive activities.,No
1021,2021/22,2021-10-01,1078,Implement a classroom behavior management plan.,Yes
1022,2021/22,2022-04-09,1079,Implement a classroom behavior management plan.,No
1023,2021/22,2021-09-28,1080,Implement a classroom behavior management plan.,Yes
1024,2021/22,2022-03-08,1081,Conduct a meeting to reinforce school rules.,Yes
1025,2021/22,2022-07-01,1083,Work with parents to address attendance concerns.,No
1025,2021/22,2022-05-08,1084,Schedule a counselor session for conflict resolution.,No
1026,2021/22,2021-10-21,1086,Implement a classroom behavior management plan.,Yes
1026,2021/22,2021-12-14,1087,Schedule a counselor session for conflict resolution.,Yes
1027,2021/22,2022-05-01,1088,Work with parents to address attendance concerns.,Yes
1028,2021/22,2021-09-07,1089,Conduct a meeting to reinforce school rules.,Yes
1028,2021/22,2021-09-28,1090,Encourage participation through interactive activities.,Yes
1028,2021/22,2021-10-04,1091,Conduct a meeting to reinforce school rules.,Yes
1029,2021/22,2021-11-18,1092,Schedule a counselor session for conflict resolution.,Yes
1029,2021/22,2021-10-06,1093,Work with parents to address attendance concerns.,Yes
1030,2021/22,2022-07-08,1095,Work with parents to address attendance concerns.,Yes
1030,2021/22,2022-06-13,1097,Conduct a meeting to reinforce school rules.,Yes
1031,2021/22,2022-02-10,1098,Implement a classroom behavior management plan.,Yes
1031,2021/22,2021-09-24,1099,Implement a classroom behavior management plan.,Yes
1032,2021/22,2022-03-05,1100,Encourage participation through interactive activities.,No
1032,2021/22,2021-10-22,1101,Conduct a meeting to reinforce school rules.,No
1034,2021/22,2022-01-21,1102,Schedule a counselor session for conflict resolution.,Yes
1035,2021/22,2022-02-13,1104,Implement a classroom behavior management plan.,Yes
1035,2021/22,2022-03-23,1105,Encourage participation through interactive activities.,Yes
1036,2021/22,2021-09-13,1106,Encourage participation through interactive activities.,Yes
1036,2021/22,2022-03-12,1107,Conduct a meeting to reinforce school rules.,No
1036,2021/22,2021-10-02,1108,Work with parents to address attendance concerns.,Yes
1039,2021/22,2022-03-12,1109,Implement a classroom behavior management plan.,No
1040,2021/22,2022-01-10,1110,Implement a classroom behavior management plan.,No
1041,2021/22,2022-05-07,1111,Implement a classroom behavior management plan.,No
1041,2021/22,2021-09-19,1113,Encourage participation through interactive activities.,Yes
1042,2021/22,2022-01-12,1114,Work with parents to address attendance concerns.,No
1042,2021/22,2022-05-28,1116,Implement a classroom behavior management plan.,No
1043,2021/22,2022-02-22,1118,Work with parents to address attendance concerns.,No
1046,2021/22,2022-02-12,1120,Work with parents to address attendance concerns.,Yes
1047,2021/22,2021-10-18,1121,Conduct a meeting to reinforce school rules.,Yes
1047,2021/22,2022-04-08,1122,Conduct a meeting to reinforce school rules.,Yes
1048,2021/22,2021-11-06,1123,Schedule a counselor session for conflict resolution.,No
1048,2021/22,2022-05-05,1124,Encourage participation through interactive activities.,Yes
1049,2021/22,2022-05-03,1125,Schedule a counselor session for conflict resolution.,Yes
1049,2021/22,2021-10-23,1127,Schedule a counselor session for conflict resolution.,No
1051,2021/22,2022-03-07,1128,Implement a classroom behavior management plan.,Yes
1052,2021/22,2021-09-03,1129,Encourage participation through interactive activities.,No
1052,2021/22,2022-07-29,1130,Implement a classroom behavior management plan.,No
1053,2021/22,2022-04-19,1132,Implement a classroom behavior management plan.,Yes
1054,2021/22,2022-07-24,1133,Implement a classroom behavior management plan.,Yes
1054,2021/22,2022-06-08,1134,Conduct a meeting to reinforce school rules.,Yes
1054,2021/22,2022-05-09,1135,Work with parents to address attendance concerns.,No
1056,2021/22,2021-10-14,1136,Encourage participation through interactive activities.,No
1056,2021/22,2022-01-25,1137,Conduct a meeting to reinforce school rules.,Yes
1057,2021/22,2022-05-08,1139,Conduct a meeting to reinforce school rules.,Yes
1057,2021/22,2022-05-04,1140,Schedule a counselor session for conflict resolution.,Yes
1057,2021/22,2022-07-03,1141,Work with parents to address attendance concerns.,No
1059,2021/22,2021-10-25,1142,Schedule a counselor session for conflict resolution.,Yes
1061,2021/22,2022-07-29,1143,Encourage participation through interactive activities.,No
1061,2021/22,2022-06-04,1144,Implement a classroom behavior management plan.,No
1062,2021/22,2021-12-01,1145,Work with parents to address attendance concerns.,No
1062,2021/22,2021-09-09,1146,Conduct a meeting to reinforce school rules.,Yes
1063,2021/22,2022-04-07,1147,Schedule a counselor session for conflict resolution.,No
1064,2021/22,2021-09-03,1148,Encourage participation through interactive activities.,Yes
1064,2021/22,2021-12-27,1149,Work with parents to address attendance concerns.,Yes
1065,2021/22,2022-04-25,1150,Encourage participation through interactive activities.,Yes
1065,2021/22,2022-03-03,1151,Schedule a counselor session for conflict resolution.,Yes
1067,2021/22,2022-06-28,1153,Conduct a meeting to reinforce school rules.,Yes
1067,2021/22,2022-07-09,1154,Work with parents to address attendance concerns.,Yes
1067,2021/22,2022-03-24,1155,Implement a classroom behavior management plan.,No
1068,2021/22,2022-01-09,1156,Conduct a meeting to reinforce school rules.,Yes
1068,2021/22,2022-04-12,1157,Conduct a meeting to reinforce school rules.,Yes
1070,2021/22,2021-11-22,1158,Implement a classroom behavior management plan.,Yes
1072,2021/22,2021-11-09,1160,Work with parents to address attendance concerns.,No
1073,2021/22,2022-07-07,1161,Work with parents to address attendance concerns.,No
1073,2021/22,2021-09-03,1162,Conduct a meeting to reinforce school rules.,Yes
1074,2021/22,2022-01-04,1164,Implement a classroom behavior management plan.,Yes
1074,2021/22,2022-07-21,1166,Work with parents to address attendance concerns.,Yes
1075,2021/22,2021-09-13,1167,Implement a classroom behavior management plan.,Yes
1075,2021/22,2022-03-25,1168,Work with parents to address attendance concerns.,Yes
1076,2021/22,2021-11-30,1169,Schedule a counselor session for conflict resolution.,No
1076,2021/22,2022-03-09,1170,Schedule a counselor session for conflict resolution.,Yes
1077,2021/22,2022-01-13,1171,Work with parents to address attendance concerns.,No
1077,2021/22,2022-01-27,1173,Schedule a counselor session for conflict resolution.,No
1078,2021/22,2022-04-05,1174,Encourage participation through interactive activities.,No
1078,2021/22,2022-02-11,1175,Schedule a counselor session for conflict resolution.,Yes
1079,2021/22,2022-07-05,1176,Implement a classroom behavior management plan.,Yes
1080,2021/22,2022-07-19,1178,Implement a classroom behavior management plan.,Yes
1081,2021/22,2022-07-30,1179,Conduct a meeting to reinforce school rules.,No
1081,2021/22,2022-02-25,1180,Conduct a meeting to reinforce school rules.,Yes
1081,2021/22,2021-09-29,1181,Implement a classroom behavior management plan.,Yes
1083,2021/22,2021-09-07,1182,Conduct a meeting to reinforce school rules.,Yes
1083,2021/22,2022-04-13,1183,Conduct a meeting to reinforce school rules.,Yes
1083,2021/22,2021-10-01,1184,Encourage participation through interactive activities.,No
1086,2021/22,2022-03-30,1185,Implement a classroom behavior management plan.,Yes
1086,2021/22,2022-03-16,1186,Implement a classroom behavior management plan.,Yes
1086,2021/22,2021-11-28,1187,Implement a classroom behavior management plan.,No
1087,2021/22,2021-12-19,1190,Work with parents to address attendance concerns.,Yes
1088,2021/22,2022-01-03,1191,Encourage participation through interactive activities.,Yes
1089,2021/22,2022-07-31,1193,Encourage participation through interactive activities.,Yes
1090,2021/22,2022-05-27,1194,Schedule a counselor session for conflict resolution.,Yes
1090,2021/22,2022-06-18,1195,Encourage participation through interactive activities.,Yes
1090,2021/22,2022-05-14,1196,Implement a classroom behavior management plan.,Yes
1091,2021/22,2022-02-20,1197,Schedule a counselor session for conflict resolution.,Yes
1091,2021/22,2022-02-13,1198,Work with parents to address attendance concerns.,No
1093,2021/22,2021-09-05,1199,Work with parents to address attendance concerns.,No
1093,2021/22,2022-03-10,1200,Conduct a meeting to reinforce school rules.,No
1094,2021/22,2022-05-20,1201,Work with parents to address attendance concerns.,Yes
1094,2021/22,2022-05-31,1202,Work with parents to address attendance concerns.,Yes
1095,2021/22,2022-02-27,1203,Work with parents to address attendance concerns.,Yes
1096,2021/22,2022-02-04,1205,Encourage participation through interactive activities.,Yes
1096,2021/22,2022-02-26,1206,Conduct a meeting to reinforce school rules.,Yes
1097,2021/22,2022-06-24,1207,Schedule a counselor session for conflict resolution.,Yes
1098,2021/22,2022-05-27,1208,Encourage participation through interactive activities.,Yes
1098,2021/22,2022-01-16,1209,Encourage participation through interactive activities.,Yes
1098,2021/22,2022-04-12,1210,Conduct a meeting to reinforce school rules.,Yes
1099,2021/22,2022-01-23,1211,Conduct a meeting to reinforce school rules.,Yes
1099,2021/22,2021-11-23,1212,Schedule a counselor session for conflict resolution.,Yes
1099,2021/22,2022-02-09,1213,Conduct a meeting to reinforce school rules.,Yes
1100,2021/22,2021-11-04,1214,Encourage participation through interactive activities.,Yes
1100,2021/22,2022-06-21,1215,Implement a classroom behavior management plan.,Yes
1103,2021/22,2022-07-25,1216,Encourage participation through interactive activities.,Yes
1103,2021/22,2022-02-10,1217,Work with parents to address attendance concerns.,Yes
1104,2021/22,2021-12-04,1218,Schedule a counselor session for conflict resolution.,No
1104,2021/22,2021-09-07,1219,Implement a classroom behavior management plan.,No
1105,2021/22,2021-10-15,1221,Work with parents to address attendance concerns.,No
1106,2021/22,2022-04-27,1223,Conduct a meeting to reinforce school rules.,Yes
1106,2021/22,2021-12-27,1224,Work with parents to address attendance concerns.,Yes
1106,2021/22,2022-02-27,1225,Implement a classroom behavior management plan.,Yes
1107,2021/22,2021-09-09,1226,Schedule a counselor session for conflict resolution.,Yes
1108,2021/22,2022-04-27,1227,Implement a classroom behavior management plan.,Yes
1108,2021/22,2022-07-19,1228,Implement a classroom behavior management plan.,Yes
1108,2021/22,2021-09-08,1229,Schedule a counselor session for conflict resolution.,No
1109,2021/22,2022-07-03,1230,Conduct a meeting to reinforce school rules.,Yes
1109,2021/22,2022-01-22,1231,Work with parents to address attendance concerns.,No
1109,2021/22,2021-10-12,1232,Encourage participation through interactive activities.,Yes
1110,2021/22,2022-06-20,1233,Implement a classroom behavior management plan.,No
1112,2021/22,2021-10-10,1234,Schedule a counselor session for conflict resolution.,Yes
1112,2021/22,2022-03-06,1235,Conduct a meeting to reinforce school rules.,Yes
1115,2021/22,2022-02-09,1237,Conduct a meeting to reinforce school rules.,Yes
1116,2021/22,2021-09-09,1238,Encourage participation through interactive activities.,No
1117,2021/22,2021-10-22,1239,Work with parents to address attendance concerns.,Yes
1118,2021/22,2021-10-24,1241,Work with parents to address attendance concerns.,Yes
1121,2021/22,2022-02-20,1244,Implement a classroom behavior management plan.,No
1122,2021/22,2022-05-14,1246,Implement a classroom behavior management plan.,Yes
1122,2021/22,2022-05-09,1247,Work with parents to address attendance concerns.,Yes
1122,2021/22,2021-11-18,1248,Schedule a counselor session for conflict resolution.,Yes
1123,2021/22,2021-09-08,1249,Schedule a counselor session for conflict resolution.,Yes
1123,2021/22,2021-09-05,1250,Implement a classroom behavior management plan.,Yes
1123,2021/22,2022-01-20,1251,Encourage participation through interactive activities.,No
1124,2021/22,2022-02-12,1252,Implement a classroom behavior management plan.,Yes
1125,2021/22,2022-04-30,1253,Work with parents to address attendance concerns.,No
1127,2021/22,2022-03-30,1254,Implement a classroom behavior management plan.,Yes
1128,2021/22,2022-03-11,1255,Implement a classroom behavior management plan.,No
1129,2021/22,2021-12-05,1257,Schedule a counselor session for conflict resolution.,Yes
1129,2021/22,2022-02-26,1258,Schedule a counselor session for conflict resolution.,Yes
1131,2021/22,2022-04-11,1259,Work with parents to address attendance concerns.,No
1131,2021/22,2022-03-27,1260,Work with parents to address attendance concerns.,No
1132,2021/22,2022-03-08,1262,Conduct a meeting to reinforce school rules.,Yes
1134,2021/22,2021-11-11,1265,Conduct a meeting to reinforce school rules.,Yes
1138,2021/22,2022-01-17,1266,Schedule a counselor session for conflict resolution.,No
1138,2021/22,2022-01-15,1267,Encourage participation through interactive activities.,Yes
1139,2021/22,2022-03-26,1268,Schedule a counselor session for conflict resolution.,Yes
1139,2021/22,2022-06-14,1269,Implement a classroom behavior management plan.,No
1140,2021/22,2021-10-30,1270,Implement a classroom behavior management plan.,Yes
1140,2021/22,2021-12-26,1271,Encourage participation through interactive activities.,Yes
1140,2021/22,2022-02-21,1272,Encourage participation through interactive activities.,Yes
1144,2021/22,2022-03-17,1274,Work with parents to address attendance concerns.,Yes
1144,2021/22,2021-10-03,1275,Schedule a counselor session for conflict resolution.,Yes
1145,2021/22,2021-09-08,1276,Work with parents to address attendance concerns.,No
1145,2021/22,2021-11-19,1277,Work with parents to address attendance concerns.,No
1145,2021/22,2022-06-07,1278,Schedule a counselor session for conflict resolution.,Yes
1147,2021/22,2022-05-08,1279,Encourage participation through interactive activities.,Yes
1147,2021/22,2022-05-12,1280,Work with parents to address attendance concerns.,No
1151,2021/22,2021-09-09,1281,Implement a classroom behavior management plan.,No
1151,2021/22,2021-09-05,1282,Implement a classroom behavior management plan.,Yes
1152,2021/22,2021-12-30,1283,Implement a classroom behavior management plan.,Yes
1152,2021/22,2021-12-14,1284,Conduct a meeting to reinforce school rules.,No
1153,2021/22,2022-02-28,1285,Conduct a meeting to reinforce school rules.,Yes
1154,2021/22,2022-02-03,1286,Conduct a meeting to reinforce school rules.,Yes
1154,2021/22,2022-04-09,1287,Schedule a counselor session for conflict resolution.,No
1156,2021/22,2022-05-29,1288,Conduct a meeting to reinforce school rules.,Yes
1156,2021/22,2022-01-07,1290,Conduct a meeting to reinforce school rules.,Yes
1157,2021/22,2022-06-21,1291,Schedule a counselor session for conflict resolution.,Yes
1161,2021/22,2022-03-29,1292,Encourage participation through interactive activities.,No
1163,2021/22,2022-04-23,1294,Conduct a meeting to reinforce school rules.,No
1163,2021/22,2022-01-05,1295,Implement a classroom behavior management plan.,Yes
1164,2021/22,2021-09-06,1296,Schedule a counselor session for conflict resolution.,Yes
1164,2021/22,2022-07-17,1297,Encourage participation through interactive activities.,Yes
1165,2021/22,2022-05-18,1299,Implement a classroom behavior management plan.,Yes
1165,2021/22,2022-03-18,1300,Conduct a meeting to reinforce school rules.,No
1166,2021/22,2021-11-24,1301,Encourage participation through interactive activities.,No
1166,2021/22,2022-01-03,1302,Work with parents to address attendance concerns.,Yes
1168,2021/22,2022-07-12,1303,Schedule a counselor session for conflict resolution.,Yes
1168,2021/22,2022-04-17,1304,Work with parents to address attendance concerns.,No
1169,2021/22,2022-05-20,1305,Encourage participation through interactive activities.,Yes
1169,2021/22,2022-04-03,1306,Work with parents to address attendance concerns.,Yes
1169,2021/22,2022-07-10,1307,Encourage participation through interactive activities.,No
1170,2021/22,2021-12-26,1308,Schedule a counselor session for conflict resolution.,Yes
1170,2021/22,2022-01-19,1309,Work with parents to address attendance concerns.,No
1171,2021/22,2021-09-06,1312,Encourage participation through interactive activities.,No
1172,2021/22,2022-05-06,1313,Schedule a counselor session for conflict resolution.,No
1172,2021/22,2022-07-31,1314,Encourage participation through interactive activities.,Yes
1172,2021/22,2022-02-01,1315,Work with parents to address attendance concerns.,Yes
1175,2021/22,2022-05-25,1317,Implement a classroom behavior management plan.,Yes
1176,2021/22,2021-10-14,1318,Conduct a meeting to reinforce school rules.,Yes
1177,2021/22,2022-07-22,1319,Schedule a counselor session for conflict resolution.,Yes
1178,2021/22,2022-07-07,1322,Implement a classroom behavior management plan.,No
1179,2021/22,2022-01-28,1323,Work with parents to address attendance concerns.,No
1179,2021/22,2022-05-18,1324,Encourage participation through interactive activities.,No
1179,2021/22,2022-01-03,1325,Work with parents to address attendance concerns.,Yes
1180,2021/22,2021-10-16,1326,Work with parents to address attendance concerns.,Yes
1180,2021/22,2021-12-26,1327,Encourage participation through interactive activities.,No
1181,2021/22,2021-10-11,1328,Implement a classroom behavior management plan.,Yes
1181,2021/22,2022-03-12,1329,Schedule a counselor session for conflict resolution.,Yes
1181,2021/22,2022-06-02,1330,Work with parents to address attendance concerns.,No
1182,2021/22,2022-06-07,1331,Encourage participation through interactive activities.,Yes
1182,2021/22,2021-09-27,1332,Conduct a meeting to reinforce school rules.,No
1182,2021/22,2022-02-03,1333,Work with parents to address attendance concerns.,No
1184,2021/22,2021-11-26,1334,Schedule a counselor session for conflict resolution.,Yes
1185,2021/22,2022-06-29,1335,Implement a classroom behavior management plan.,Yes
1186,2021/22,2022-02-10,1336,Implement a classroom behavior management plan.,Yes
1187,2021/22,2022-07-03,1337,Schedule a counselor session for conflict resolution.,Yes
1187,2021/22,2022-02-15,1338,Schedule a counselor session for conflict resolution.,No
1187,2021/22,2021-09-07,1339,Implement a classroom behavior management plan.,No
1189,2021/22,2021-10-18,1340,Conduct a meeting to reinforce school rules.,Yes
1189,2021/22,2022-07-04,1341,Implement a classroom behavior management plan.,No
1189,2021/22,2021-12-22,1342,Encourage participation through interactive activities.,Yes
1191,2021/22,2022-04-25,1343,Conduct a meeting to reinforce school rules.,Yes
1191,2021/22,2021-12-06,1344,Schedule a counselor session for conflict resolution.,No
1192,2021/22,2022-06-15,1345,Implement a classroom behavior management plan.,Yes
1192,2021/22,2022-04-29,1346,Conduct a meeting to reinforce school rules.,No
1192,2021/22,2022-07-31,1347,Encourage participation through interactive activities.,No
1193,2021/22,2022-02-14,1348,Work with parents to address attendance concerns.,Yes
1193,2021/22,2022-05-04,1349,Encourage participation through interactive activities.,Yes
1193,2021/22,2021-12-09,1350,Implement a classroom behavior management plan.,No